team,season,role,order,name,note
ARI,2022,hc,1,Kliff Kingsbury,
ARI,2022,dc,1,Vance Joseph,
ARI,2023,hc,1,Jonathan Gannon,
ARI,2023,oc,1,Drew Petzing,
ARI,2023,dc,1,Nick Rallis,
ARI,2024,hc,1,Jonathan Gannon,
ARI,2024,oc,1,Drew Petzing,
ARI,2024,dc,1,Nick Rallis,
ARI,2025,hc,1,Jonathan Gannon,
ARI,2025,oc,1,Drew Petzing,
ARI,2025,dc,1,Nick Rallis,
ARI,2026,hc,1,Mike LaFleur,
ARI,2026,oc,1,Nathaniel Hackett,
ARI,2026,dc,1,Nick Rallis,
ATL,2022,hc,1,Arthur Smith,
ATL,2022,oc,1,Dave Ragone,
ATL,2022,dc,1,Dean Pees,
ATL,2023,hc,1,Arthur Smith,
ATL,2023,oc,1,Dave Ragone,
ATL,2023,dc,1,Ryan Nielsen,
ATL,2024,hc,1,Raheem Morris,
ATL,2024,oc,1,Zac Robinson,
ATL,2024,dc,1,Jimmy Lake,
ATL,2025,hc,1,Raheem Morris,
ATL,2025,oc,1,Zac Robinson,
ATL,2025,dc,1,Jeff Ulbrich,
ATL,2026,hc,1,Kevin Stefanski,
ATL,2026,oc,1,Tommy Rees,
ATL,2026,dc,1,Jeff Ulbrich,
BAL,2022,hc,1,John Harbaugh,
BAL,2022,oc,1,Greg Roman,
BAL,2022,dc,1,Mike Macdonald,
BAL,2023,hc,1,John Harbaugh,
BAL,2023,oc,1,Todd Monken,
BAL,2023,dc,1,Mike Macdonald,
BAL,2024,hc,1,John Harbaugh,
BAL,2024,oc,1,Todd Monken,
BAL,2024,dc,1,Zach Orr,
BAL,2025,hc,1,John Harbaugh,
BAL,2025,oc,1,Todd Monken,
BAL,2025,dc,1,Zach Orr,
BAL,2026,hc,1,Jesse Minter,
BAL,2026,oc,1,Declan Doyle,
BAL,2026,dc,1,Anthony Weaver,
BUF,2022,hc,1,Sean McDermott,
BUF,2022,oc,1,Ken Dorsey,
BUF,2022,dc,1,Leslie Frazier,
BUF,2023,hc,1,Sean McDermott,
BUF,2023,oc,1,Ken Dorsey,fired after Week 10
BUF,2023,oc,2,Joe Brady,interim
BUF,2023,dc,1,Sean McDermott,head coach called the defense
BUF,2024,hc,1,Sean McDermott,
BUF,2024,oc,1,Joe Brady,
BUF,2024,dc,1,Bobby Babich,
BUF,2025,hc,1,Sean McDermott,
BUF,2025,oc,1,Joe Brady,
BUF,2025,dc,1,Bobby Babich,
BUF,2026,hc,1,Joe Brady,
BUF,2026,oc,1,Pete Carmichael Jr.,
BUF,2026,dc,1,Jim Leonhard,
CAR,2022,hc,1,Matt Rhule,fired October 10; 1–4 record
CAR,2022,hc,2,Steve Wilks,interim; 6–6 record
CAR,2022,oc,1,Ben McAdoo,
CAR,2022,dc,1,Al Holcomb,
CAR,2023,hc,1,Frank Reich,fired November 27; 1–10 record
CAR,2023,hc,2,Chris Tabor,interim; 1–5 record
CAR,2023,oc,1,Thomas Brown,
CAR,2023,dc,1,Ejiro Evero,
CAR,2024,hc,1,Dave Canales,
CAR,2024,oc,1,Brad Idzik,
CAR,2024,dc,1,Ejiro Evero,
CAR,2025,hc,1,Dave Canales,
CAR,2025,oc,1,Brad Idzik,
CAR,2025,dc,1,Ejiro Evero,
CAR,2026,hc,1,Dave Canales,
CAR,2026,oc,1,Brad Idzik,
CAR,2026,dc,1,Ejiro Evero,
CHI,2022,hc,1,Matt Eberflus,
CHI,2022,oc,1,Luke Getsy,
CHI,2022,dc,1,Alan Williams,
CHI,2023,hc,1,Matt Eberflus,
CHI,2023,oc,1,Luke Getsy,
CHI,2023,dc,1,Alan Williams,resigned on September 20
CHI,2024,hc,1,Matt Eberflus,"fired November 29, 4–8 record"
CHI,2024,hc,2,Thomas Brown,"interim, 1–4 record"
CHI,2024,oc,1,Shane Waldron,fired on November 10
CHI,2024,dc,1,Eric Washington,
CHI,2025,hc,1,Ben Johnson,
CHI,2025,oc,1,Declan Doyle,
CHI,2025,dc,1,Dennis Allen,
CHI,2026,hc,1,Ben Johnson,
CHI,2026,oc,1,Press Taylor,
CHI,2026,dc,1,Dennis Allen,
CIN,2022,hc,1,Zac Taylor,
CIN,2022,oc,1,Brian Callahan,
CIN,2022,dc,1,Lou Anarumo,
CIN,2023,hc,1,Zac Taylor,
CIN,2023,oc,1,Brian Callahan,
CIN,2023,dc,1,Lou Anarumo,
CIN,2024,hc,1,Zac Taylor,
CIN,2024,oc,1,Dan Pitcher,
CIN,2024,dc,1,Lou Anarumo,
CIN,2025,hc,1,Zac Taylor,
CIN,2025,oc,1,Dan Pitcher,
CIN,2025,dc,1,Al Golden,
CIN,2026,hc,1,Zac Taylor,
CIN,2026,oc,1,Dan Pitcher,
CIN,2026,dc,1,Al Golden,
CLE,2022,hc,1,Kevin Stefanski,
CLE,2022,oc,1,Alex Van Pelt,
CLE,2022,dc,1,Joe Woods,
CLE,2023,hc,1,Kevin Stefanski,
CLE,2023,oc,1,Alex Van Pelt,
CLE,2023,dc,1,Jim Schwartz,
CLE,2024,hc,1,Kevin Stefanski,
CLE,2024,oc,1,Ken Dorsey,
CLE,2024,dc,1,Jim Schwartz,
CLE,2025,hc,1,Kevin Stefanski,
CLE,2025,oc,1,Tommy Rees,
CLE,2025,dc,1,Jim Schwartz,
CLE,2026,hc,1,Todd Monken,
CLE,2026,oc,1,Travis Switzer,
CLE,2026,dc,1,Mike Rutenberg,
DAL,2022,hc,1,Mike McCarthy,
DAL,2022,oc,1,Kellen Moore,
DAL,2022,dc,1,Dan Quinn,
DAL,2023,hc,1,Mike McCarthy,
DAL,2023,oc,1,Brian Schottenheimer,
DAL,2023,dc,1,Dan Quinn,
DAL,2024,hc,1,Mike McCarthy,
DAL,2024,oc,1,Brian Schottenheimer,
DAL,2024,dc,1,Mike Zimmer,
DAL,2025,hc,1,Brian Schottenheimer,
DAL,2025,oc,1,Klayton Adams,
DAL,2025,dc,1,Matt Eberflus,
DAL,2026,hc,1,Brian Schottenheimer,
DAL,2026,oc,1,Klayton Adams,
DAL,2026,dc,1,Christian Parker,
DEN,2022,hc,1,Nathaniel Hackett,"fired on December 26, 4–11 record"
DEN,2022,hc,2,Jerry Rosburg,interim; 1–1 record
DEN,2022,oc,1,Justin Outten,
DEN,2022,dc,1,Ejiro Evero,
DEN,2023,hc,1,Sean Payton,
DEN,2023,oc,1,Joe Lombardi,
DEN,2023,dc,1,Vance Joseph,
DEN,2024,hc,1,Sean Payton,
DEN,2024,oc,1,Joe Lombardi,
DEN,2024,dc,1,Vance Joseph,
DEN,2025,hc,1,Sean Payton,
DEN,2025,oc,1,Joe Lombardi,
DEN,2025,dc,1,Vance Joseph,
DEN,2026,hc,1,Sean Payton,
DEN,2026,oc,1,Davis Webb,
DEN,2026,dc,1,Vance Joseph,
DET,2022,hc,1,Dan Campbell,
DET,2022,oc,1,Ben Johnson,
DET,2022,dc,1,Aaron Glenn,
DET,2023,hc,1,Dan Campbell,
DET,2023,oc,1,Ben Johnson,
DET,2023,dc,1,Aaron Glenn,
DET,2024,hc,1,Dan Campbell,
DET,2024,oc,1,Ben Johnson,
DET,2024,dc,1,Aaron Glenn,
DET,2025,hc,1,Dan Campbell,
DET,2025,oc,1,John Morton,
DET,2025,dc,1,Kelvin Sheppard,
DET,2026,hc,1,Dan Campbell,
DET,2026,oc,1,Drew Petzing,
DET,2026,dc,1,Kelvin Sheppard,
GB,2022,hc,1,Matt LaFleur,
GB,2022,oc,1,Adam Stenavich,
GB,2022,dc,1,Joe Barry,
GB,2023,hc,1,Matt LaFleur,
GB,2023,oc,1,Adam Stenavich,
GB,2023,dc,1,Joe Barry,
GB,2024,hc,1,Matt LaFleur,
GB,2024,oc,1,Adam Stenavich,
GB,2024,dc,1,Jeff Hafley,
GB,2025,hc,1,Matt LaFleur,
GB,2025,oc,1,Adam Stenavich,
GB,2025,dc,1,Jeff Hafley,
GB,2026,hc,1,Matt LaFleur,
GB,2026,oc,1,Adam Stenavich,
GB,2026,dc,1,Jonathan Gannon,
HOU,2022,hc,1,Lovie Smith,
HOU,2022,oc,1,Pep Hamilton,
HOU,2023,hc,1,DeMeco Ryans,
HOU,2023,oc,1,Bobby Slowik,
HOU,2023,dc,1,Matt Burke,
HOU,2024,hc,1,DeMeco Ryans,
HOU,2024,oc,1,Bobby Slowik,
HOU,2024,dc,1,Matt Burke,
HOU,2025,hc,1,DeMeco Ryans,
HOU,2025,oc,1,Nick Caley,
HOU,2025,dc,1,Matt Burke,
HOU,2026,hc,1,DeMeco Ryans,
HOU,2026,oc,1,Nick Caley,
HOU,2026,dc,1,Matt Burke,
IND,2022,hc,1,Frank Reich,fired November 7; 3–5–1 record
IND,2022,hc,2,Jeff Saturday,interim; 1–7 record
IND,2022,oc,1,Parks Frazier,
IND,2022,dc,1,Gus Bradley,
IND,2023,hc,1,Shane Steichen,
IND,2023,oc,1,Jim Bob Cooter,
IND,2023,dc,1,Gus Bradley,
IND,2024,hc,1,Shane Steichen,
IND,2024,oc,1,Jim Bob Cooter,
IND,2024,dc,1,Gus Bradley,
IND,2025,hc,1,Shane Steichen,
IND,2025,oc,1,Jim Bob Cooter,
IND,2025,dc,1,Lou Anarumo,
IND,2026,hc,1,Shane Steichen,
IND,2026,oc,1,Jim Bob Cooter,
IND,2026,dc,1,Lou Anarumo,
JAX,2022,hc,1,Doug Pederson,
JAX,2022,oc,1,Press Taylor,
JAX,2022,dc,1,Mike Caldwell,
JAX,2023,hc,1,Doug Pederson,
JAX,2023,oc,1,Press Taylor,
JAX,2023,dc,1,Mike Caldwell,
JAX,2024,hc,1,Doug Pederson,
JAX,2024,oc,1,Press Taylor,
JAX,2024,dc,1,Ryan Nielsen,
JAX,2025,hc,1,Liam Coen,
JAX,2025,oc,1,Grant Udinski,
JAX,2025,dc,1,Anthony Campanile,
JAX,2026,hc,1,Liam Coen,
JAX,2026,oc,1,Grant Udinski,
JAX,2026,dc,1,Anthony Campanile,
KC,2022,hc,1,Andy Reid,
KC,2022,oc,1,Eric Bieniemy,
KC,2022,dc,1,Steve Spagnuolo,
KC,2023,hc,1,Andy Reid,
KC,2023,oc,1,Matt Nagy,
KC,2023,dc,1,Steve Spagnuolo,
KC,2024,hc,1,Andy Reid,
KC,2024,oc,1,Matt Nagy,
KC,2024,dc,1,Steve Spagnuolo,
KC,2025,hc,1,Andy Reid,
KC,2025,oc,1,Matt Nagy,
KC,2025,dc,1,Steve Spagnuolo,
KC,2026,hc,1,Andy Reid,
KC,2026,oc,1,Eric Bieniemy,
KC,2026,dc,1,Steve Spagnuolo,
LA,2022,hc,1,Sean McVay,
LA,2022,oc,1,Liam Coen,
LA,2022,dc,1,Raheem Morris,
LA,2023,hc,1,Sean McVay,
LA,2023,oc,1,Mike LaFleur,
LA,2023,dc,1,Raheem Morris,
LA,2024,hc,1,Sean McVay,
LA,2024,oc,1,Mike LaFleur,
LA,2024,dc,1,Chris Shula,
LA,2025,hc,1,Sean McVay,
LA,2025,oc,1,Mike LaFleur,
LA,2025,dc,1,Chris Shula,
LA,2026,hc,1,Sean McVay,
LA,2026,oc,1,Nathan Scheelhaase,
LA,2026,dc,1,Chris Shula,
LAC,2022,hc,1,Brandon Staley,
LAC,2022,oc,1,Joe Lombardi,
LAC,2022,dc,1,Renaldo Hill,
LAC,2023,hc,1,Brandon Staley,"fired December 15, 5–9 record"
LAC,2023,hc,2,Giff Smith,interim; 0–3 record
LAC,2023,oc,1,Kellen Moore,
LAC,2023,dc,1,Derrick Ansley,
LAC,2024,hc,1,Jim Harbaugh,
LAC,2024,oc,1,Greg Roman,
LAC,2024,dc,1,Jesse Minter,
LAC,2025,hc,1,Jim Harbaugh,
LAC,2025,oc,1,Greg Roman,
LAC,2025,dc,1,Jesse Minter,
LAC,2026,hc,1,Jim Harbaugh,
LAC,2026,oc,1,Mike McDaniel,
LAC,2026,dc,1,Chris O'Leary,
LV,2022,hc,1,Josh McDaniels,
LV,2022,oc,1,Mick Lombardi,
LV,2022,dc,1,Patrick Graham,
LV,2023,hc,1,Josh McDaniels,"fired October 31, 3–5 record"
LV,2023,hc,2,Antonio Pierce,"interim, 5–4 record"
LV,2023,oc,1,Mick Lombardi,fired on October 31
LV,2023,dc,1,Patrick Graham,
LV,2024,hc,1,Antonio Pierce,
LV,2024,oc,1,Luke Getsy,fired on November 5
LV,2024,dc,1,Patrick Graham,
LV,2025,hc,1,Pete Carroll,
LV,2025,oc,1,Greg Olson,
LV,2025,dc,1,Patrick Graham,
LV,2026,hc,1,Klint Kubiak,
LV,2026,oc,1,Andrew Janocko,
LV,2026,dc,1,Rob Leonard,
MIA,2022,hc,1,Mike McDaniel,
MIA,2022,oc,1,Frank Smith,
MIA,2022,dc,1,Vic Fangio,
MIA,2023,hc,1,Mike McDaniel,
MIA,2023,oc,1,Frank Smith,
MIA,2023,dc,1,Vic Fangio,
MIA,2024,hc,1,Mike McDaniel,
MIA,2024,oc,1,Frank Smith,
MIA,2024,dc,1,Anthony Weaver,
MIA,2025,hc,1,Mike McDaniel,
MIA,2025,oc,1,Frank Smith,
MIA,2025,dc,1,Anthony Weaver,
MIA,2026,hc,1,Jeff Hafley,
MIA,2026,oc,1,Bobby Slowik,
MIA,2026,dc,1,Sean Duggan,
MIN,2022,hc,1,Kevin O'Connell,
MIN,2022,oc,1,Wes Phillips,
MIN,2022,dc,1,Ed Donatell,
MIN,2023,hc,1,Kevin O'Connell,
MIN,2023,oc,1,Wes Phillips,
MIN,2023,dc,1,Brian Flores,
MIN,2024,hc,1,Kevin O'Connell,
MIN,2024,oc,1,Wes Phillips,
MIN,2024,dc,1,Brian Flores,
MIN,2025,hc,1,Kevin O'Connell,
MIN,2025,oc,1,Wes Phillips,
MIN,2025,dc,1,Brian Flores,
MIN,2026,hc,1,Kevin O'Connell,
MIN,2026,oc,1,Wes Phillips,
MIN,2026,dc,1,Brian Flores,
NE,2022,hc,1,Bill Belichick,
NE,2023,hc,1,Bill Belichick,
NE,2023,oc,1,Bill O'Brien,
NE,2024,hc,1,Jerod Mayo,
NE,2024,oc,1,Alex Van Pelt,
NE,2024,dc,1,DeMarcus Covington,
NE,2025,hc,1,Mike Vrabel,
NE,2025,oc,1,Josh McDaniels,
NE,2025,dc,1,Terrell Williams,
NE,2026,hc,1,Mike Vrabel,
NE,2026,oc,1,Josh McDaniels,
NE,2026,dc,1,Zak Kuhr,
NO,2022,hc,1,Dennis Allen,
NO,2022,oc,1,Pete Carmichael Jr.,
NO,2022,dc,1,Ryan Nielsen and Kris Richard,
NO,2023,hc,1,Dennis Allen,
NO,2023,oc,1,Pete Carmichael Jr.,
NO,2023,dc,1,Joe Woods,
NO,2024,hc,1,Dennis Allen,"fired November 4, 2–7 record"
NO,2024,hc,2,Darren Rizzi,"interim, 3–5 record"
NO,2024,oc,1,Klint Kubiak,
NO,2024,dc,1,Joe Woods,
NO,2025,hc,1,Kellen Moore,
NO,2025,oc,1,Doug Nussmeier,
NO,2025,dc,1,Brandon Staley,
NO,2026,hc,1,Kellen Moore,
NO,2026,oc,1,Doug Nussmeier,
NO,2026,dc,1,Brandon Staley,
NYG,2022,hc,1,Brian Daboll,
NYG,2022,oc,1,Mike Kafka,
NYG,2022,dc,1,Don Martindale,
NYG,2023,hc,1,Brian Daboll,
NYG,2023,oc,1,Mike Kafka,
NYG,2023,dc,1,Don Martindale,
NYG,2024,hc,1,Brian Daboll,
NYG,2024,dc,1,Shane Bowen,
NYG,2025,hc,1,Brian Daboll,"fired November 10, 2–8 record"
NYG,2025,hc,2,Mike Kafka,"interim, 2–5 record"
NYG,2025,oc,1,Tim Kelly,
NYG,2025,dc,1,Charlie Bullen,
NYG,2026,hc,1,John Harbaugh,
NYG,2026,oc,1,Matt Nagy,
NYG,2026,dc,1,Dennard Wilson,
NYJ,2022,hc,1,Robert Saleh,
NYJ,2022,oc,1,Mike LaFleur,
NYJ,2022,dc,1,Jeff Ulbrich,
NYJ,2023,hc,1,Robert Saleh,
NYJ,2023,oc,1,Nathaniel Hackett,
NYJ,2023,dc,1,Jeff Ulbrich,
NYJ,2024,hc,1,Robert Saleh,"fired October 8, 2–3 record"
NYJ,2024,hc,2,Jeff Ulbrich,"interim, 3–9 record"
NYJ,2024,oc,1,Nathaniel Hackett,
NYJ,2024,dc,1,Marquand Manuel,
NYJ,2025,hc,1,Aaron Glenn,
NYJ,2025,oc,1,Tanner Engstrand,
NYJ,2025,dc,1,Chris Harris,
NYJ,2026,hc,1,Aaron Glenn,
NYJ,2026,oc,1,Frank Reich,
NYJ,2026,dc,1,Brian Duker,
PHI,2022,hc,1,Nick Sirianni,
PHI,2022,oc,1,Shane Steichen,
PHI,2022,dc,1,Jonathan Gannon,
PHI,2023,hc,1,Nick Sirianni,
PHI,2023,oc,1,Brian Johnson,
PHI,2023,dc,1,Sean Desai,
PHI,2024,hc,1,Nick Sirianni,
PHI,2024,oc,1,Kellen Moore,
PHI,2024,dc,1,Vic Fangio,
PHI,2025,hc,1,Nick Sirianni,
PHI,2025,oc,1,Kevin Patullo,
PHI,2025,dc,1,Vic Fangio,
PHI,2026,hc,1,Nick Sirianni,
PHI,2026,oc,1,Sean Mannion,
PHI,2026,dc,1,Vic Fangio,
PIT,2022,hc,1,Mike Tomlin,
PIT,2022,oc,1,Matt Canada,
PIT,2022,dc,1,Teryl Austin,
PIT,2023,hc,1,Mike Tomlin,
PIT,2023,oc,1,Matt Canada,
PIT,2023,dc,1,Teryl Austin,
PIT,2024,hc,1,Mike Tomlin,
PIT,2024,oc,1,Arthur Smith,
PIT,2024,dc,1,Teryl Austin,
PIT,2025,hc,1,Mike Tomlin,
PIT,2025,oc,1,Arthur Smith,
PIT,2025,dc,1,Teryl Austin,
PIT,2026,hc,1,Mike McCarthy,
PIT,2026,oc,1,Brian Angelichio,
PIT,2026,dc,1,Patrick Graham,
SEA,2022,hc,1,Pete Carroll,
SEA,2022,oc,1,Shane Waldron,
SEA,2022,dc,1,Clint Hurtt,
SEA,2023,hc,1,Pete Carroll,
SEA,2023,oc,1,Shane Waldron,
SEA,2023,dc,1,Clint Hurtt,
SEA,2024,hc,1,Mike Macdonald,
SEA,2024,oc,1,Ryan Grubb,
SEA,2024,dc,1,Aden Durde,
SEA,2025,hc,1,Mike Macdonald,
SEA,2025,oc,1,Klint Kubiak,
SEA,2025,dc,1,Aden Durde,
SEA,2026,hc,1,Mike Macdonald,
SEA,2026,oc,1,Brian Fleury,
SEA,2026,dc,1,Aden Durde,
SF,2022,hc,1,Kyle Shanahan,
SF,2022,oc,1,Kyle Shanahan,"head coach, no OC title"
SF,2022,dc,1,DeMeco Ryans,
SF,2023,hc,1,Kyle Shanahan,
SF,2023,oc,1,Kyle Shanahan,"head coach, no OC title"
SF,2023,dc,1,Steve Wilks,
SF,2024,hc,1,Kyle Shanahan,
SF,2024,oc,1,Kyle Shanahan,"head coach, no OC title"
SF,2024,dc,1,Nick Sorensen,
SF,2025,hc,1,Kyle Shanahan,
SF,2025,oc,1,Klay Kubiak,
SF,2025,dc,1,Robert Saleh,
SF,2026,hc,1,Kyle Shanahan,
SF,2026,oc,1,Klay Kubiak,
SF,2026,dc,1,Raheem Morris,
TB,2022,hc,1,Todd Bowles,
TB,2022,oc,1,Byron Leftwich,
TB,2023,hc,1,Todd Bowles,
TB,2023,oc,1,Dave Canales,
TB,2024,hc,1,Todd Bowles,
TB,2024,oc,1,Liam Coen,
TB,2025,hc,1,Todd Bowles,
TB,2025,oc,1,Josh Grizzard,
TB,2026,hc,1,Todd Bowles,
TB,2026,oc,1,Zac Robinson,
TEN,2022,hc,1,Mike Vrabel,
TEN,2022,oc,1,Todd Downing,
TEN,2022,dc,1,Shane Bowen,
TEN,2023,hc,1,Mike Vrabel,
TEN,2023,oc,1,Tim Kelly,
TEN,2023,dc,1,Shane Bowen,
TEN,2024,hc,1,Brian Callahan,
TEN,2024,oc,1,Nick Holz,
TEN,2024,dc,1,Dennard Wilson,
TEN,2025,hc,1,Brian Callahan,"fired October 13, 1–5 record"
TEN,2025,hc,2,Mike McCoy,"interim, 2–9 record"
TEN,2025,oc,1,Nick Holz,
TEN,2025,dc,1,Dennard Wilson,
TEN,2026,hc,1,Robert Saleh,
TEN,2026,oc,1,Brian Daboll,
TEN,2026,dc,1,Gus Bradley,
WAS,2022,hc,1,Ron Rivera,
WAS,2022,oc,1,Scott Turner,
WAS,2022,dc,1,Jack Del Rio,
WAS,2023,hc,1,Ron Rivera,
WAS,2023,oc,1,Eric Bieniemy,
WAS,2023,dc,1,Jack Del Rio,fired
WAS,2023,dc,2,Ron Rivera,interim
WAS,2024,hc,1,Dan Quinn,
WAS,2024,oc,1,Kliff Kingsbury,
WAS,2024,dc,1,Joe Whitt Jr.,
WAS,2025,hc,1,Dan Quinn,
WAS,2025,oc,1,Kliff Kingsbury,
WAS,2025,dc,1,Joe Whitt Jr.,
WAS,2026,hc,1,Dan Quinn,
WAS,2026,oc,1,David Blough,
WAS,2026,dc,1,Daronte Jones,
